{
  "p": 0.017989936110477025,
  "q": 0.6445681582840848,
  "M": 122598709.14622079,
  "t_peak": 5.401440423470584,
  "R2": 0.7604937689266213
}